<?xml version="1.0" encoding="UTF-8"?>
<config xmlns="http://www.knime.org/2008/09/XMLConfig" xmlns:xsi="http://www.w3.org/2001/XMLSchema-instance" xsi:schemaLocation="http://www.knime.org/2008/09/XMLConfig http://www.knime.org/XMLConfig_2008_09.xsd" key="MiningSchema">
    <config key="learning">
        <entry key="array-size" type="xint" value="8"/>
        <entry key="0" type="xstring" value="sex"/>
        <entry key="1" type="xstring" value="length"/>
        <entry key="2" type="xstring" value="diameter"/>
        <entry key="3" type="xstring" value="height"/>
        <entry key="4" type="xstring" value="whole_weight"/>
        <entry key="5" type="xstring" value="shucked_weight"/>
        <entry key="6" type="xstring" value="viscera_weight"/>
        <entry key="7" type="xstring" value="shell_weight"/>
    </config>
    <config key="target">
        <entry key="array-size" type="xint" value="1"/>
        <entry key="0" type="xstring" value="num_rings"/>
    </config>
</config>
